24552011660,Stacie Starmont,sstarmont3@nationalgeographic.com
24552011391,Emelia Piburn,epiburn4@tiny.cc
24552011429,Edna Tompkins,etompkins5@qq.com
24552011062,Elisa Sahnow,esahnow6@independent.co.uk
24552011503,Babbie MacAnespie,bmacanespie7@ycombinator.com
24552011239,Den Caghan,dcaghan8@mediafire.com
24552011622,Julee Rival,jrival9@globo.com
24552011928,Bernard Kebbell,bkebbella@nih.gov
24552011393,Udale Baber,ubaberb@aboutads.info
24552011432,Delbert Dollard,ddollardc@microsoft.com
24552011281,Lon Titcom,ltitcomd@arstechnica.com
24552011611,Michelle Dwyr,mdwyre@usatoday.com
24552011048,Omero Withull,owithullf@angelfire.com
24552011109,Terese Britney,tbritneyg@jimdo.com
24552011690,Chrissie Brien,cbrienh@ucoz.ru
24552011169,Maury Manoch,mmanochi@printfriendly.com
24552011441,Franchot Allix,fallixj@dagondesign.com
24552011610,Halsey Bitten,hbittenk@themeforest.net
24552011214,Thorvald Dacks,tdacksl@symantec.com
24552011332,Devin Rottgers,drottgersm@naver.com
24552011183,Fiorenze Vickress,fvickressn@wisc.edu
24552011247,Ragnar Trineman,rtrinemano@skyrock.com
24552011318,Maridel MacGille,mmacgillep@sogou.com
24552011830,Heidi Godwin,hgodwinq@meetup.com
24552011399,Bobine Milliken,bmillikenr@yellowbook.com
24552011300,Abelard Sooper,asoopers@patch.com
24552011152,Zea Mariaud,zmariaudt@altervista.org
24552011288,Talya Orta,tortau@slideshare.net
24552011503,Kaylil Dowyer,kdowyerv@scientificamerican.com
24552011373,Dougy McSharry,dmcsharryw@bravesites.com
24552011588,Baryram Brauner,bbraunerx@diigo.com
24552011878,Mackenzie Bidmead,mbidmeady@usda.gov
24552011087,Giffer Brattan,gbrattanz@xing.com
24552011385,Krissy Jay,kjay10@netlog.com
24552011601,Waldon Balmadier,wbalmadier11@un.org
24552011475,Jacky Reimers,jreimers12@altervista.org
24552011870,Federica Baldcock,fbaldcock13@dagondesign.com
24552011659,Deane Elphee,delphee14@liveinternet.ru
24552011023,Rodina Riccardo,rriccardo15@marriott.com
24552011956,Bald Tregunnah,btregunnah16@netlog.com
24552011452,Rochelle Degoe,rdegoe17@wordpress.com
24552011346,Wilmette Elcock,welcock18@hp.com
24552011380,Madlen Bolden,mbolden19@businesswire.com
24552011362,Coralyn Slyne,cslyne1a@amazonaws.com
24552011331,Tara Wrightam,twrightam1b@independent.co.uk
24552011259,Adelina Cramphorn,acramphorn1c@blogtalkradio.com
24552011587,Lynnett Beaument,lbeaument1d@adobe.com
24552011084,Eileen Karet,ekaret1e@eepurl.com
24552011656,Susy Durward,sdurward1f@oakley.com
24552011132,George Prevost,gprevost1g@economist.com
24552011081,Trace Langridge,tlangridge1h@shinystat.com
24552011049,Gallard Yakubovics,gyakubovics1i@gravatar.com
24552011137,Yancy O'Griffin,yogriffin1j@mapy.cz
24552011337,Nannie Mousdall,nmousdall1k@ed.gov
24552011103,Randolf Cinelli,rcinelli1l@examiner.com
24552011971,Emilee Gentzsch,egentzsch1m@vimeo.com
24552011676,Mirabelle Celes,mceles1n@forbes.com
24552011365,Hillel Perrett,hperrett1o@omniture.com
24552011521,Vassili Gardiner,vgardiner1p@springer.com
24552011064,Alair Durrad,adurrad1q@google.pl
24552011596,Holmes Esley,hesley1r@nba.com
24552011012,Cordey Plenty,cplenty1s@naver.com
24552011462,Leia Moynham,lmoynham1t@issuu.com
24552011707,Dalton Norcliff,dnorcliff1u@craigslist.org
24552011729,Robby Hyne,rhyne1v@wp.com
24552011175,Herbie Heinicke,hheinicke1w@qq.com
24552011879,Alla Casin,acasin1x@washington.edu
24552011266,Gonzales Dreye,gdreye1y@slashdot.org
24552011838,Ilise McCartney,imccartney1z@toplist.cz
24552011650,Retha Kunkler,rkunkler20@meetup.com
24552011307,Mitzi Jiru,mjiru21@google.co.uk
24552011645,Jonah Billborough,jbillborough22@webmd.com
24552011063,Brenden Klemps,bklemps23@freewebs.com
24552011304,Putnam Moncey,pmoncey24@disqus.com
24552011484,Valenka Ruger,vruger25@businesswire.com
24552011841,Freeman Bickerdyke,fbickerdyke26@jugem.jp
24552011524,Cookie Ravilious,cravilious27@cmu.edu
24552011752,Nikolia Hellings,nhellings28@pen.io
24552011893,Winston Petrishchev,wpetrishchev29@alexa.com
24552011093,Stephie Carek,scarek2a@cyberchimps.com
24552011719,Morton Isac,misac2b@nbcnews.com
24552011681,Appolonia Roddam,aroddam2c@fema.gov
24552011643,Marilee Macilhench,mmacilhench2d@soundcloud.com
24552011448,Otha Lanahan,olanahan2e@instagram.com
24552011558,Vanni McColm,vmccolm2g@auda.org.au
24552011840,Bob Gaggen,bgaggen2h@dell.com
24552011084,Giraud Everix,geverix2i@creativecommons.org
24552011322,Clive Heiner,cheiner2j@4shared.com
24552011456,Elwyn Pina,epina2k@istockphoto.com
24552011147,Noreen Clough,nclough2l@typepad.com
24552011578,Reggie Hessel,rhessel2m@cbsnews.com
24552011798,Jo Fetherstan,jfetherstan2n@domainmarket.com
24552011371,Daryn Prin,dprin2o@miitbeian.gov.cn
24552011644,Laureen Dowbekin,ldowbekin2p@wiley.com
24552011360,Abdul Cromley,acromley2q@feedburner.com
24552011711,Pacorro Vernham,pvernham2r@rambler.ru
201929837,asjhdakjsh,asdkjhaskjdh
24552011091,Rifky Saputra Maylandra,rifky@gmail.com
